id,first_name,last_name,email,car_make,car_model,car_color,car_year,price,date_purchased
1,Ebonee,Peer,epeer0@buzzfeed.com,Lincoln,Continental,Yellow,2002,88171,2019-08-25
2,Eveleen,Chavey,echavey1@princeton.edu,Ford,Mustang,Violet,2013,64062,2019-04-25
3,Clari,Bulfoot,cbulfoot2@jigsy.com,Saturn,Relay,Violet,2006,80781,2019-02-13
4,Mignon,Spoerl,mspoerl3@walmart.com,Chevrolet,2500,Green,1999,30415,2019-09-18
5,Vivianne,Leipnik,vleipnik4@guardian.co.uk,Pontiac,6000,Yellow,1989,98672,2019-07-21
6,Hunt,Hammell,hhammell5@w3.org,Ford,Escort,Puce,2000,75153,2019-09-24
7,Edith,Barwood,ebarwood6@nationalgeographic.com,Dodge,Challenger,Turquoise,2010,81363,2019-06-09
8,Deloria,Yelyashev,dyelyashev7@goo.ne.jp,Nissan,Quest,Mauv,1993,35488,2019-08-23
9,Ezekiel,Oolahan,eoolahan8@php.net,Jaguar,XK Series,Teal,2001,69136,2019-01-25
10,Ase,Boardman,aboardman9@huffingtonpost.com,BMW,645,Red,2005,82043,2019-10-12
11,Lishe,Grzesiewicz,lgrzesiewicza@icq.com,Infiniti,QX56,Teal,2010,41890,2019-01-24
12,Emmalee,Castillou,ecastilloub@wix.com,Volvo,C30,Puce,2011,04305,2019-02-13
13,Beulah,Ridder,bridderc@dedecms.com,Buick,LeSabre,Violet,1999,41055,2019-04-28
14,Jodi,Durrans,jdurransd@yahoo.co.jp,Jeep,Cherokee,Violet,2000,28724,2019-07-30
15,Charis,Keefe,ckeefee@microsoft.com,Land Rover,LR4,Indigo,2011,67769,2019-06-07
16,Sol,Bollans,sbollansf@answers.com,Saab,9-5,Orange,2004,19620,2019-07-29
17,Devi,MacKee,dmackeeg@salon.com,Volkswagen,Golf,Pink,1997,11906,2019-07-21
18,Winne,Calf,wcalfh@google.com.br,Volvo,V70,Pink,2007,58707,2019-02-15
19,Marten,Haygreen,mhaygreeni@dagondesign.com,Toyota,Tacoma Xtra,Teal,1999,57933,2019-04-08
20,Dyann,Coton,dcotonj@tripadvisor.com,Nissan,Murano,Puce,2009,78077,2019-08-29
21,Hamid,Beton,hbetonk@about.com,Dodge,Ram Van 1500,Purple,1996,55482,2019-09-01
22,Brade,Boobyer,bboobyerl@smugmug.com,Pontiac,1000,Crimson,1985,14830,2019-04-03
23,Mufinella,Cheal,mchealm@twitter.com,Toyota,Prius,Turquoise,2001,73062,2019-01-25
24,Archaimbaud,Keegan,akeegann@umich.edu,Hummer,H1,Puce,1997,18128,2019-01-29
25,Ashlen,Millbank,amillbanko@opensource.org,Mazda,MX-6,Green,1995,61531,2019-06-23
26,Donna,Ridoutt,dridouttp@google.com.hk,Ford,F450,Mauv,2009,83122,2019-01-01
27,Krystyna,Yakovliv,kyakovlivq@weibo.com,Toyota,Camry Hybrid,Teal,2007,75023,2019-02-23
28,Carlynne,Corss,ccorssr@google.ru,Oldsmobile,Silhouette,Pink,1992,29497,2019-01-03
29,Kincaid,Catto,kcattos@diigo.com,Audi,Q5,Indigo,2012,86339,2019-08-14
30,Chrissy,Meynell,cmeynellt@ycombinator.com,Infiniti,QX,Aquamarine,2001,99776,2019-08-05
31,Cass,Siburn,csiburnu@tripod.com,Land Rover,Range Rover,Violet,1994,40092,2019-05-14
32,Ado,Ive,aivev@shinystat.com,Buick,Century,Violet,1984,91060,2019-01-12
33,Franny,Mathews,fmathewsw@acquirethisname.com,Jeep,Patriot,Indigo,2012,81996,2019-06-23
34,Reeta,Blaske,rblaskex@soup.io,GMC,3500,Teal,1993,83782,2019-08-24
35,Reuben,Deerr,rdeerry@yahoo.co.jp,Mercury,Monterey,Orange,2004,85648,2019-09-20
36,Bartie,McCray,bmccrayz@sun.com,Toyota,Tundra,Aquamarine,2006,90889,2019-07-20
37,Ainslie,Boman,aboman10@youtube.com,Chevrolet,Suburban 1500,Yellow,1997,69825,2019-05-18
38,Jacquie,Day,jday11@va.gov,Cadillac,Eldorado,Khaki,1999,47190,2019-10-09
39,Candida,Championnet,cchampionnet12@nsw.gov.au,GMC,Sierra 2500,Green,2000,40482,2019-08-10
40,Quinlan,Fincken,qfincken13@free.fr,Mitsubishi,Outlander,Crimson,2004,99382,2019-06-07
41,Win,Grabert,wgrabert14@cafepress.com,Chevrolet,Equinox,Purple,2006,13421,2019-08-19
42,Nealson,Loxley,nloxley15@github.io,Chevrolet,Cavalier,Crimson,2005,14514,2019-02-28
43,Thia,Hakonsen,thakonsen16@ow.ly,Mitsubishi,Montero,Aquamarine,1993,80613,2019-02-06
44,Anstice,Meader,ameader17@issuu.com,Dodge,Intrepid,Orange,1995,12680,2019-01-18
45,Edward,Bauldry,ebauldry18@twitpic.com,Acura,NSX,Fuscia,1999,80696,2019-10-03
46,Abelard,Churching,achurching19@g.co,Ford,Transit Connect,Violet,2012,27316,2019-10-11
47,Ewan,Sprowle,esprowle1a@histats.com,Toyota,Tacoma Xtra,Yellow,2001,85280,2019-10-08
48,Rafaellle,Posse,rposse1b@yahoo.co.jp,Infiniti,QX,Aquamarine,2012,18670,2019-08-27
49,Lyndsey,Heugh,lheugh1c@163.com,Cadillac,DeVille,Goldenrod,2003,52846,2019-05-08
50,Tammi,Radloff,tradloff1d@google.com.hk,Mitsubishi,Pajero,Turquoise,2002,75181,2019-01-22
51,Jule,Keysel,jkeysel1e@51.la,GMC,Yukon XL 1500,Aquamarine,2009,63705,2019-07-17
52,Sondra,Mallord,smallord1f@pcworld.com,Audi,S4,Maroon,2008,00805,2019-07-06
53,Evvie,McCready,emccready1g@usatoday.com,Subaru,Legacy,Maroon,2011,14637,2019-04-22
54,Ruttger,Fetteplace,rfetteplace1h@webnode.com,Maserati,Quattroporte,Turquoise,1986,68493,2019-08-27
55,Harmony,Aldred,haldred1i@census.gov,Dodge,Ram Van 1500,Mauv,2001,63530,2019-10-11
56,Netta,Schwerin,nschwerin1j@uiuc.edu,Chevrolet,Monte Carlo,Violet,2000,94793,2019-02-04
57,Gene,Harding,gharding1k@nbcnews.com,Lamborghini,Gallardo,Crimson,2006,46793,2019-08-08
58,Wolfy,Trumper,wtrumper1l@bbb.org,Chevrolet,Tahoe,Red,2002,88729,2019-03-25
59,Ludvig,Wrightim,lwrightim1m@scientificamerican.com,Saab,900,Orange,1984,13892,2019-10-17
60,Gabe,Braiden,gbraiden1n@geocities.jp,Cadillac,Fleetwood,Orange,1995,50235,2019-07-22
61,Ber,Frapwell,bfrapwell1o@ycombinator.com,GMC,Envoy,Aquamarine,2007,73436,2019-02-05
62,Vidovik,Binestead,vbinestead1p@mozilla.com,Pontiac,GTO,Fuscia,1965,22449,2019-07-28
63,Nevins,Postgate,npostgate1q@plala.or.jp,Toyota,RAV4,Fuscia,1998,47644,2019-02-10
64,Page,Patifield,ppatifield1r@kickstarter.com,Chevrolet,Monte Carlo,Goldenrod,1996,96723,2019-05-16
65,Gaynor,Wimp,gwimp1s@addthis.com,Toyota,Paseo,Green,1995,12445,2019-10-08
66,Shana,Cremin,scremin1t@pbs.org,Dodge,Ram 1500,Purple,2000,16197,2019-05-11
67,Evelina,Greggor,egreggor1u@blogtalkradio.com,Lotus,Esprit,Teal,1986,60582,2019-03-06
68,Randene,Kuschel,rkuschel1v@bravesites.com,Mercedes-Benz,SLK-Class,Green,2001,37222,2019-09-15
69,Moshe,Crowne,mcrowne1w@usgs.gov,Volkswagen,Golf,Turquoise,2010,83347,2019-09-30
70,Frederich,Hayley,fhayley1x@hhs.gov,Land Rover,Range Rover,Violet,1998,96436,2019-08-22
71,Goober,Cawdron,gcawdron1y@desdev.cn,Dodge,Dakota,Violet,2008,45223,2019-07-01
72,Kit,Goater,kgoater1z@smh.com.au,Ford,E350,Violet,2009,30161,2019-10-07
73,Morten,Haisell,mhaisell20@arizona.edu,Pontiac,Grand Prix,Aquamarine,1973,62760,2019-01-04
74,Huntington,Arnefield,harnefield21@loc.gov,GMC,Rally Wagon 2500,Yellow,1994,17210,2019-01-26
75,Belia,Payley,bpayley22@yellowpages.com,Cadillac,Seville,Puce,1994,44156,2019-01-31
76,Iris,Rolfo,irolfo23@is.gd,Hyundai,Genesis,Purple,2012,25481,2019-07-03
77,Alanna,Bramble,abramble24@stumbleupon.com,GMC,Savana 2500,Blue,1996,46214,2019-03-11
78,Berny,Morfey,bmorfey25@indiegogo.com,Mercury,Cougar,Aquamarine,1969,98703,2019-01-08
79,Ag,Dumsday,adumsday26@google.cn,Mazda,Miata MX-5,Blue,2003,61240,2019-01-15
80,Ronny,Guidetti,rguidetti27@amazonaws.com,Buick,LeSabre,Orange,1997,04159,2019-01-23
81,Fernande,Llewelyn,fllewelyn28@sun.com,Volvo,240,Puce,1993,90058,2019-05-22
82,Adel,Overshott,aovershott29@army.mil,Kia,Rio,Pink,2001,51885,2019-04-08
83,Codi,Cousen,ccousen2a@eventbrite.com,Buick,Riviera,Pink,1992,34146,2019-09-15
84,Barthel,Chappelle,bchappelle2b@jugem.jp,Nissan,Titan,Fuscia,2009,36308,2019-02-09
85,Phil,Huggens,phuggens2c@mediafire.com,Lincoln,LS,Maroon,2006,69442,2019-01-30
86,Luther,Cestard,lcestard2d@shutterfly.com,Pontiac,1000,Fuscia,1985,89047,2019-04-13
87,Lorens,Scammonden,lscammonden2e@xing.com,Porsche,Cayman,Puce,2012,53616,2019-05-15
88,Henderson,Volleth,hvolleth2f@tamu.edu,Pontiac,Sunbird,Khaki,1983,00863,2019-04-06
89,Ree,Norrington,rnorrington2g@google.it,Audi,A8,Violet,2000,23662,2019-04-01
90,Dillon,Chadbourne,dchadbourne2h@deliciousdays.com,Ford,Ranger,Orange,2008,48887,2019-08-05
91,Hildegaard,Curgenven,hcurgenven2i@yolasite.com,Dodge,Ram 50,Orange,1993,18928,2019-09-02
92,Malvina,Allsupp,mallsupp2j@seesaa.net,Porsche,Cayman,Mauv,2012,29488,2019-08-11
93,Timotheus,Revie,trevie2k@comsenz.com,Ford,F250,Violet,2004,89657,2019-01-11
94,Herta,Balm,hbalm2l@purevolume.com,Ford,Thunderbird,Khaki,1993,50010,2019-03-18
95,Jena,De Lorenzo,jdelorenzo2m@issuu.com,Spyker,C8 Spyder,Purple,2004,78486,2019-01-22
96,Markus,Ellis,mellis2n@blogtalkradio.com,Infiniti,J,Green,1997,45847,2019-07-15
97,Georges,Swadden,gswadden2o@psu.edu,Chevrolet,Cavalier,Fuscia,1998,73193,2019-01-25
98,Nevins,Phipard-Shears,nphipardshears2p@free.fr,Plymouth,Neon,Fuscia,1999,14883,2019-06-10
99,Hilario,Shovelton,hshovelton2q@seesaa.net,Ford,Five Hundred,Crimson,2006,31734,2019-06-29
100,Auguste,Bezarra,abezarra2r@networkadvertising.org,Ford,Explorer,Teal,1998,90382,2019-01-08
101,Esteban,Goodbourn,egoodbourn2s@aboutads.info,Jaguar,XJ Series,Yellow,1995,17607,2019-08-31
102,Doloritas,Matlock,dmatlock2t@sciencedaily.com,Mercury,Cougar,Teal,1992,59664,2019-07-12
103,Prentiss,McSaul,pmcsaul2u@typepad.com,Acura,CL,Maroon,2001,11024,2019-01-20
104,Allin,Snalham,asnalham2v@reddit.com,Audi,A4,Fuscia,2009,51364,2019-01-15
105,Zolly,Velde,zvelde2w@com.com,Pontiac,Tempest,Green,1967,06725,2019-06-27
106,Judie,Dwine,jdwine2x@clickbank.net,Mazda,Miata MX-5,Teal,2007,36251,2019-04-21
107,Sher,Fulk,sfulk2y@blogger.com,Toyota,Tacoma,Pink,2000,25169,2019-04-03
108,Corrianne,Farran,cfarran2z@cornell.edu,Chevrolet,Tahoe,Aquamarine,2000,80882,2019-04-09
109,Dulcine,Hardeman,dhardeman30@springer.com,Dodge,Sprinter,Violet,2006,51390,2019-07-07
110,Alden,Weldrake,aweldrake31@shop-pro.jp,Honda,Pilot,Mauv,2005,18965,2019-09-25
111,Verna,Grevile,vgrevile32@webnode.com,Lexus,ES,Crimson,1991,99407,2019-06-07
112,Basilius,Pagon,bpagon33@meetup.com,Hummer,H3,Fuscia,2010,30109,2019-02-07
113,Siobhan,Minnette,sminnette34@go.com,Honda,Ridgeline,Turquoise,2012,56135,2019-04-16
114,Aleta,Steinhammer,asteinhammer35@wikia.com,Lincoln,Town Car,Green,2011,52000,2019-06-27
115,Orville,Gricks,ogricks36@imageshack.us,Nissan,Frontier,Khaki,2002,18882,2019-03-28
116,Letty,Kayley,lkayley37@timesonline.co.uk,Mitsubishi,Chariot,Aquamarine,1986,39157,2019-07-25
117,Ira,Spur,ispur38@google.fr,Lamborghini,Countach,Yellow,1988,66873,2019-06-03
118,Sammie,Giannotti,sgiannotti39@stumbleupon.com,Pontiac,Grand Am,Teal,1986,10838,2019-02-17
119,Emmye,Dalliston,edalliston3a@printfriendly.com,Kia,Amanti,Fuscia,2006,94469,2019-09-15
120,Millicent,Biglin,mbiglin3b@cocolog-nifty.com,Nissan,Rogue,Khaki,2011,51809,2019-07-09
121,Dicky,Tregaskis,dtregaskis3c@unc.edu,Chevrolet,S10 Blazer,Maroon,1994,94590,2019-10-09
122,Nat,Gomar,ngomar3d@vk.com,Lamborghini,Gallardo,Blue,2003,17591,2019-09-16
123,Bartolemo,Sayton,bsayton3e@baidu.com,Volkswagen,Passat,Green,1994,66685,2019-06-03
124,Cammy,Sconce,csconce3f@soup.io,GMC,1500,Purple,1992,11641,2019-10-08
125,Rubina,Fronsek,rfronsek3g@1688.com,Lincoln,Town Car,Puce,2011,71554,2019-01-06
126,Sophi,Comiam,scomiam3h@acquirethisname.com,Ford,Escort,Maroon,1998,63203,2019-02-15
127,Annamaria,Dmisek,admisek3i@sciencedirect.com,Toyota,Celica,Crimson,2000,87393,2019-06-24
128,Layney,Kubasek,lkubasek3j@csmonitor.com,Honda,Insight,Red,2000,92883,2019-08-16
129,Immanuel,Maria,imaria3k@usatoday.com,Jaguar,XJ Series,Indigo,2003,22848,2019-03-31
130,Rochelle,Lillecrop,rlillecrop3l@home.pl,Ford,F350,Crimson,2007,96354,2019-01-22
131,Maury,Moukes,mmoukes3m@typepad.com,Oldsmobile,98,Teal,1992,91876,2019-07-05
132,Alvina,Hucks,ahucks3n@hhs.gov,Toyota,Supra,Crimson,1993,80227,2019-06-17
133,Gilberte,Hawkshaw,ghawkshaw3o@cnbc.com,Toyota,Prius,Teal,2012,29358,2019-07-26
134,Jillane,Leifer,jleifer3p@bloomberg.com,Mercedes-Benz,SL-Class,Violet,2012,73370,2019-05-15
135,Angil,Vicar,avicar3q@altervista.org,Pontiac,G8,Yellow,2009,61595,2019-03-27
136,Jared,Balmer,jbalmer3r@forbes.com,Acura,Vigor,Red,1994,27585,2019-09-15
137,Clari,Sokill,csokill3s@amazonaws.com,Mercury,Capri,Fuscia,1993,39716,2019-04-10
138,Cristy,Valde,cvalde3t@networkadvertising.org,Infiniti,EX,Blue,2010,60781,2019-09-19
139,Prue,Rignall,prignall3u@ca.gov,Acura,MDX,Blue,2012,72132,2019-07-21
140,Gib,Rudderham,grudderham3v@e-recht24.de,Dodge,Ram Van 3500,Teal,2001,24204,2019-08-23
141,Atlante,Shearstone,ashearstone3w@unesco.org,Pontiac,Grand Prix,Violet,2005,06959,2019-08-29
142,Gladi,Roisen,groisen3x@godaddy.com,Buick,Verano,Crimson,2012,80467,2019-05-22
143,Charyl,Alecock,calecock3y@comcast.net,Nissan,200SX,Mauv,1997,21504,2019-02-05
144,Karel,Olivelli,kolivelli3z@photobucket.com,Land Rover,Discovery,Violet,2003,02996,2019-07-25
145,Park,Iacobassi,piacobassi40@comcast.net,Ford,Crown Victoria,Turquoise,1997,79733,2019-01-13
146,Neddy,Ivers,nivers41@delicious.com,BMW,7 Series,Orange,1999,89008,2019-07-08
147,Gothart,Brims,gbrims42@deliciousdays.com,Hyundai,Santa Fe,Puce,2004,35799,2019-06-22
148,John,Skepper,jskepper43@hatena.ne.jp,Subaru,Forester,Pink,2001,82164,2019-06-30
149,Irvine,Leipelt,ileipelt44@spotify.com,GMC,Yukon,Turquoise,2003,19476,2019-01-11
150,Shayla,Warke,swarke45@newyorker.com,Volkswagen,Type 2,Puce,1990,92268,2019-08-21
151,Melitta,Daverin,mdaverin46@acquirethisname.com,Ford,Excursion,Violet,2004,50633,2019-08-04
152,Barbra,Hobgen,bhobgen47@usda.gov,Mercedes-Benz,Sprinter 2500,Maroon,2012,79163,2019-01-24
153,Tally,Symcox,tsymcox48@senate.gov,Audi,Allroad,Goldenrod,2002,48007,2019-08-16
154,Federico,Wild,fwild49@histats.com,Maserati,Biturbo,Red,1985,37027,2019-08-20
155,Donica,Korb,dkorb4a@list-manage.com,Dodge,Ram 3500,Purple,2010,05618,2019-03-22
156,Dwayne,Martinat,dmartinat4b@columbia.edu,Dodge,Charger,Pink,2009,46890,2019-03-19
157,Antony,Malicki,amalicki4c@imageshack.us,Toyota,Camry,Crimson,2006,61376,2019-06-18
158,Costanza,Bulter,cbulter4d@smugmug.com,Mazda,MX-5,Violet,2003,42201,2019-06-16
159,Gipsy,Castane,gcastane4e@ameblo.jp,Lamborghini,Murciélago LP640,Goldenrod,2008,99536,2019-02-10
160,Herbie,Jakubovicz,hjakubovicz4f@ihg.com,Isuzu,Trooper,Pink,1995,59134,2019-02-07
161,Lemmie,Rickell,lrickell4g@sitemeter.com,Chevrolet,Blazer,Pink,2003,38515,2019-04-25
162,Bertie,Monson,bmonson4h@apple.com,Honda,Accord,Puce,1995,29711,2019-03-10
163,Rosalinde,Collacombe,rcollacombe4i@cargocollective.com,Ford,Thunderbird,Turquoise,1972,29751,2019-01-22
164,Sebastien,Buckett,sbuckett4j@berkeley.edu,Toyota,Prius,Aquamarine,2003,78570,2019-07-10
165,Gabi,Look,glook4k@csmonitor.com,Mercedes-Benz,600SEL,Goldenrod,1993,14024,2019-09-13
166,Edd,Marty,emarty4l@senate.gov,Dodge,Nitro,Orange,2009,04527,2019-02-02
167,Inglis,Tanzig,itanzig4m@bandcamp.com,Toyota,Tacoma Xtra,Green,2002,83195,2019-06-18
168,Madlin,Prazer,mprazer4n@cocolog-nifty.com,BMW,550,Aquamarine,2006,81169,2019-09-04
169,Janina,Mountstephen,jmountstephen4o@scientificamerican.com,Chevrolet,Lumina,Orange,1994,94615,2019-08-02
170,Johann,Whitley,jwhitley4p@ebay.com,Toyota,Avalon,Goldenrod,1997,27710,2019-05-01
171,Dion,Zuenelli,dzuenelli4q@si.edu,Volvo,S40,Crimson,2008,16515,2019-05-05
172,Ariana,Ganford,aganford4r@zdnet.com,Lexus,RX,Crimson,2013,59294,2019-10-15
173,Wash,Manueli,wmanueli4s@infoseek.co.jp,Ford,F150,Teal,1996,37937,2019-06-21
174,Zulema,Ghidini,zghidini4t@nifty.com,Mercury,Sable,Yellow,1992,14347,2019-05-13
175,Sterling,O'Halloran,sohalloran4u@npr.org,Audi,Q5,Yellow,2010,10796,2019-01-11
176,Harlen,Clemoes,hclemoes4v@tinyurl.com,Mercedes-Benz,E-Class,Maroon,1995,40034,2019-02-26
177,Ricki,Heintz,rheintz4w@jiathis.com,Dodge,Ram 3500,Puce,1995,44545,2019-02-15
178,Berty,Devey,bdevey4x@netlog.com,Toyota,MR2,Green,1994,79246,2019-10-15
179,Tarrah,Kybert,tkybert4y@icq.com,Jeep,Cherokee,Blue,1993,65472,2019-03-20
180,Llywellyn,Spofforth,lspofforth4z@tmall.com,Volvo,S70,Maroon,1998,86719,2019-03-13
181,Harry,Cropp,hcropp50@bandcamp.com,BMW,3 Series,Goldenrod,2011,29779,2019-10-02
182,Filide,Hakey,fhakey51@mapquest.com,Pontiac,Grand Prix,Crimson,1978,88304,2019-08-08
183,Ritchie,Charlton,rcharlton52@cdbaby.com,GMC,Jimmy,Orange,1993,65226,2019-06-15
184,Horten,Leppo,hleppo53@army.mil,Dodge,Ram Van B150,Teal,1994,05692,2019-08-04
185,Kristyn,Bauldry,kbauldry54@home.pl,Chevrolet,Silverado 3500,Red,2009,28577,2019-09-25
186,Meggie,McGonigle,mmcgonigle55@reddit.com,Chevrolet,Express 3500,Mauv,1998,77603,2019-09-18
187,Olimpia,Kilbee,okilbee56@jigsy.com,Land Rover,Range Rover,Goldenrod,2009,39218,2019-05-26
188,Freda,Greer,fgreer57@huffingtonpost.com,GMC,Suburban 2500,Green,1994,54437,2019-01-19
189,Vern,Sorrell,vsorrell58@vkontakte.ru,Dodge,Ram 2500,Pink,2005,34037,2019-02-12
190,Berny,Dee,bdee59@privacy.gov.au,Volvo,V50,Blue,2008,37501,2019-08-17
191,Karlens,Molfino,kmolfino5a@thetimes.co.uk,Toyota,4Runner,Pink,2006,17591,2019-01-23
192,Hyman,Radnedge,hradnedge5b@pcworld.com,Mitsubishi,Cordia,Indigo,1985,23545,2019-05-19
193,Pet,Bridal,pbridal5c@geocities.com,Mitsubishi,Starion,Turquoise,1988,32456,2019-02-26
194,Winny,Cars,wcars5d@comcast.net,Bentley,Continental Flying Spur,Aquamarine,2010,84812,2019-08-20
195,Gradey,Aherne,gaherne5e@edublogs.org,Jeep,Liberty,Yellow,2005,07512,2019-08-11
196,Corilla,Casburn,ccasburn5f@npr.org,Ford,E150,Red,2005,11258,2019-03-12
197,Hildagard,Swayton,hswayton5g@webs.com,Land Rover,Range Rover Sport,Fuscia,2008,89040,2019-04-04
198,Ozzy,Falkinder,ofalkinder5h@bluehost.com,Mitsubishi,Expo LRV,Orange,1996,95618,2019-01-11
199,Goldy,Reen,green5i@geocities.jp,Saab,9-7X,Blue,2006,73836,2019-03-18
200,Averell,Jacox,ajacox5j@wordpress.org,Mercedes-Benz,CL-Class,Maroon,2000,67379,2019-08-29
201,Alva,Inggall,ainggall5k@oakley.com,Daewoo,Leganza,Orange,1999,94853,2019-06-30
202,Danice,McDool,dmcdool5l@freewebs.com,Pontiac,Grand Am,Violet,2002,63785,2019-06-08
203,Barr,Trillow,btrillow5m@about.me,Volvo,960,Pink,1996,62218,2019-06-06
204,Rodie,Filipic,rfilipic5n@mac.com,Audi,V8,Khaki,1994,73425,2019-06-22
205,Sari,Greave,sgreave5o@a8.net,GMC,Sierra 2500,Pink,2010,37962,2019-06-09
206,Sile,MacAdie,smacadie5p@multiply.com,Mercedes-Benz,SLK-Class,Green,2002,25080,2019-08-22
207,Sanderson,California,scalifornia5q@sohu.com,BMW,M5,Fuscia,2010,26792,2019-05-07
208,Xylia,Neylan,xneylan5r@myspace.com,Mercury,Cougar,Aquamarine,1997,22169,2019-04-14
209,Ajay,Cuxson,acuxson5s@domainmarket.com,Mercury,Grand Marquis,Mauv,1992,03177,2019-01-21
210,Bendicty,Alibone,balibone5t@economist.com,BMW,X5,Violet,2007,03883,2019-09-09
