id,first_name,last_name,email,car_make,car_model,car_color,car_year,price,date_purchased
1,Gabi,McMoyer,gmcmoyer0@joomla.org,Suzuki,Equator,Turquoise,2011,54498,2017-09-05
2,Harlie,Sodor,hsodor1@abc.net.au,Cadillac,STS,Mauv,2007,43328,2017-10-08
3,Cherianne,Wisdish,cwisdish2@rakuten.co.jp,Ford,Taurus,Pink,1989,26898,2017-02-27
4,Duky,Pollastrino,dpollastrino3@comsenz.com,Toyota,Land Cruiser,Maroon,1998,37297,2017-11-09
5,Reginauld,Hindshaw,rhindshaw4@squarespace.com,Buick,Verano,Green,2012,21264,2017-02-01
6,Xaviera,Skippon,xskippon5@wp.com,Mazda,MX-6,Blue,1997,45694,2017-09-04
7,Willa,Teese,wteese6@unesco.org,Pontiac,LeMans,Pink,1992,46824,2017-12-17
8,Grantley,Ilewicz,gilewicz7@ted.com,Dodge,Spirit,Orange,1995,20143,2017-07-08
9,Kristi,Downham,kdownham8@theglobeandmail.com,Spyker,C8 Double 12 S,Goldenrod,2006,29035,2017-05-07
10,Leighton,Tuley,ltuley9@si.edu,Mazda,626,Yellow,2001,27267,2017-10-22
11,Reidar,Wallace,rwallacea@eventbrite.com,Dodge,Intrepid,Aquamarine,1996,57935,2017-07-21
12,Vania,People,vpeopleb@github.com,Nissan,Sentra,Orange,1996,47996,2017-04-12
13,Reinwald,Yeowell,ryeowellc@trellian.com,Toyota,Tacoma Xtra,Puce,1997,34924,2017-10-01
14,Elianora,Ticehurst,eticehurstd@umn.edu,Cadillac,CTS-V,Green,2012,58675,2017-06-11
15,Noah,Imesen,nimesene@fotki.com,Oldsmobile,Cutlass Supreme,Crimson,1995,40302,2017-10-26
16,Armand,Dewan,adewanf@europa.eu,Lexus,IS-F,Crimson,2012,56960,2017-05-23
17,Dalis,Mallock,dmallockg@blogtalkradio.com,Acura,RL,Violet,2006,35868,2017-08-18
18,Brucie,Duligal,bduligalh@acquirethisname.com,Mazda,MPV,Mauv,2006,21322,2017-07-27
19,Brigham,Catterick,bcattericki@techcrunch.com,Honda,Civic,Teal,2010,39999,2017-10-08
20,Rosabella,O'Fihillie,rofihilliej@usgs.gov,Mercedes-Benz,C-Class,Red,2003,41680,2017-03-31
21,Phaedra,Ondrousek,pondrousekk@slate.com,Aston Martin,DB9,Orange,2007,57454,2017-12-15
22,Collin,Reames,creamesl@quantcast.com,Holden,VS Commodore,Indigo,1996,40647,2017-01-03
23,Packston,Schubert,pschubertm@mail.ru,Mitsubishi,Mirage,Puce,1999,31042,2017-11-07
24,Edgar,Scoullar,escoullarn@pagesperso-orange.fr,Dodge,Dakota Club,Maroon,2004,36060,2017-07-31
25,Alejoa,Dransfield,adransfieldo@mit.edu,Volkswagen,Golf,Goldenrod,1985,40045,2017-06-28
26,Bone,Wyld,bwyldp@over-blog.com,Mazda,Mazda5,Crimson,2012,38280,2017-02-07
27,Jonathon,Hegge,jheggeq@barnesandnoble.com,Volkswagen,Passat,Crimson,2009,50562,2017-08-29
28,Darlleen,O' Molan,domolanr@lycos.com,Lexus,IS,Pink,2001,49460,2017-04-30
29,Willa,Meredith,wmerediths@census.gov,Land Rover,Discovery,Blue,2011,33695,2017-03-25
30,Jacquelin,Entwisle,jentwislet@rambler.ru,Toyota,Camry,Mauv,1994,31104,2017-08-20
31,Maybelle,Blazewski,mblazewskiu@netlog.com,Isuzu,Ascender,Red,2006,22642,2017-09-05
32,Birch,Wong,bwongv@e-recht24.de,Saturn,S-Series,Teal,1994,30995,2017-09-13
33,Torrence,Volkes,tvolkesw@wufoo.com,Toyota,Sienna,Mauv,2003,52293,2017-11-28
34,Cole,McWaters,cmcwatersx@princeton.edu,Mercedes-Benz,G-Class,Blue,2007,22153,2017-10-06
35,Barnebas,Polack,bpolacky@paypal.com,Chevrolet,Classic,Pink,2005,57362,2017-06-26
36,Willie,Murkus,wmurkusz@ucsd.edu,Porsche,911,Goldenrod,2013,59895,2017-10-16
37,Nikolaus,Rosenfrucht,nrosenfrucht10@amazonaws.com,Cadillac,DeVille,Maroon,1995,55039,2017-12-11
38,Matti,Halton,mhalton11@usnews.com,Toyota,Celica,Fuscia,2005,50017,2017-07-21
39,Yoshiko,Yepiskopov,yyepiskopov12@networkadvertising.org,Lotus,Esprit,Indigo,1994,46623,2017-08-26
40,Mirabella,Balden,mbalden13@biglobe.ne.jp,Isuzu,Rodeo,Indigo,1998,36142,2017-12-02
41,Kin,Swateridge,kswateridge14@msn.com,Hummer,H1,Blue,1995,41745,2017-10-16
42,Marlo,Beasleigh,mbeasleigh15@naver.com,Dodge,Stealth,Orange,1994,20104,2017-01-06
43,Garrek,Radmer,gradmer16@hud.gov,Lamborghini,Gallardo,Red,2005,38351,2017-01-13
44,Remy,Schulke,rschulke17@cafepress.com,Nissan,Quest,Indigo,2009,55599,2017-12-14
45,Osbourne,Copnar,ocopnar18@wikia.com,Ford,Mustang,Orange,1995,53502,2017-08-30
46,Sibelle,Kobsch,skobsch19@google.co.uk,Chevrolet,Corvette,Turquoise,2001,47109,2017-04-30
47,Lane,Fairholme,lfairholme1a@ihg.com,Chevrolet,Cavalier,Khaki,1993,22555,2017-03-17
48,Jacenta,Bogges,jbogges1b@bloglovin.com,Buick,Riviera,Pink,1986,51855,2017-08-08
49,Town,Collop,tcollop1c@ft.com,Ford,Escape,Aquamarine,2002,36136,2017-11-24
50,Galvin,Rivelin,grivelin1d@nytimes.com,Aston Martin,DB9,Khaki,2011,21807,2017-07-08
51,Phebe,Sturch,psturch1e@oaic.gov.au,BMW,Z4,Pink,2009,20225,2017-03-06
52,Rafi,Goscar,rgoscar1f@shareasale.com,Chevrolet,Vega,Fuscia,1971,39415,2017-05-13
53,Devland,Louden,dlouden1g@dropbox.com,Ford,Escape,Aquamarine,2000,35395,2017-07-13
54,Cristy,Legan,clegan1h@sitemeter.com,Ford,E-Series,Blue,2001,58543,2017-05-02
55,Tabatha,Holgan,tholgan1i@flavors.me,Suzuki,Swift,Pink,1991,38137,2017-08-25
56,Belva,Westfalen,bwestfalen1j@woothemes.com,Mazda,Mazda6,Red,2003,46956,2017-07-08
57,Athena,Thieme,athieme1k@cornell.edu,Lexus,GS,Khaki,1995,43451,2017-03-29
58,Petunia,Yakubovich,pyakubovich1l@studiopress.com,Chevrolet,Silverado 2500,Fuscia,2000,50990,2017-07-13
59,Kari,Roloff,kroloff1m@zdnet.com,Honda,Odyssey,Khaki,1999,22292,2017-08-15
60,Lauraine,Curro,lcurro1n@hugedomains.com,Toyota,T100 Xtra,Purple,1996,30520,2017-11-16
61,Hallie,Burgane,hburgane1o@smugmug.com,Dodge,Ram Van B150,Goldenrod,1992,25286,2017-12-25
62,Channa,Culy,cculy1p@washington.edu,Dodge,Ram Van B350,Turquoise,1992,27112,2017-04-09
63,Ella,Raubenheimer,eraubenheimer1q@infoseek.co.jp,Isuzu,Rodeo,Turquoise,1992,28608,2017-02-06
64,Abeu,McKibben,amckibben1r@com.com,Infiniti,G,Blue,2005,34536,2017-12-16
65,Prince,Lowin,plowin1s@exblog.jp,Saab,9-5,Aquamarine,2003,26294,2017-02-26
66,Wynn,Harrisson,wharrisson1t@alexa.com,Maserati,Quattroporte,Violet,2012,39941,2017-07-06
67,Keary,felip,kfelip1u@ehow.com,Oldsmobile,Bravada,Mauv,2004,40357,2017-04-27
68,Cassy,Blazdell,cblazdell1v@rakuten.co.jp,Nissan,Pathfinder,Blue,1996,50481,2017-04-05
69,Valaree,Paffot,vpaffot1w@skype.com,BMW,745,Aquamarine,2005,26498,2017-05-10
70,Donnie,Neagle,dneagle1x@china.com.cn,Porsche,944,Red,1985,31741,2017-06-05
71,Maxie,Osgodby,mosgodby1y@livejournal.com,Mercedes-Benz,E-Class,Purple,2001,58107,2017-12-19
72,Mei,Carrodus,mcarrodus1z@ucoz.com,Dodge,Ram 1500,Aquamarine,2009,22931,2017-11-30
73,Bridgette,Juster,bjuster20@indiegogo.com,Land Rover,Range Rover,Yellow,1988,22580,2017-06-06
74,Verne,Meni,vmeni21@imgur.com,Ford,Escort,Aquamarine,2002,33567,2017-03-09
75,Lonnie,Sirmond,lsirmond22@businessinsider.com,Porsche,Cayenne,Khaki,2004,41501,2017-10-16
76,Dee,Daughtery,ddaughtery23@vk.com,Mazda,Familia,Purple,1992,56824,2017-04-13
77,Vin,Blown,vblown24@toplist.cz,Lexus,LS,Yellow,2002,25665,2017-05-20
78,Emmeline,Brakespear,ebrakespear25@google.com.au,BMW,7 Series,Blue,2003,55112,2017-09-03
79,Dal,Titman,dtitman26@digg.com,Saab,900,Pink,1985,43906,2017-12-30
80,Claudelle,Downe,cdowne27@ezinearticles.com,Chevrolet,Suburban 1500,Red,2001,33639,2017-12-06
81,Wilbur,Canedo,wcanedo28@imdb.com,Plymouth,Grand Voyager,Violet,1995,51244,2017-07-03
82,Lesya,Renad,lrenad29@surveymonkey.com,Chevrolet,1500,Turquoise,1992,49290,2017-03-11
83,Sari,Sazio,ssazio2a@wunderground.com,Kia,Spectra,Green,2009,23939,2017-12-27
84,Bale,Froschauer,bfroschauer2b@cmu.edu,Chevrolet,Suburban 2500,Khaki,1992,30903,2017-11-27
85,Ferris,Lattey,flattey2c@surveymonkey.com,Buick,Somerset,Violet,1985,39861,2017-07-11
86,Kirby,Abells,kabells2d@surveymonkey.com,Chevrolet,Corvette,Pink,2001,58527,2017-08-31
87,Robbin,Helliwell,rhelliwell2e@unc.edu,Geo,Tracker,Purple,1994,40332,2017-05-17
88,Charlot,Edge,cedge2f@archive.org,Audi,A5,Crimson,2012,30168,2017-02-22
89,Jeniffer,Burnage,jburnage2g@smugmug.com,Mazda,Miata MX-5,Teal,1996,46955,2017-10-04
90,Husain,Jent,hjent2h@princeton.edu,Chevrolet,HHR Panel,Pink,2006,56940,2017-01-28
91,Victoria,Jupe,vjupe2i@themeforest.net,Ford,Thunderbird,Khaki,2005,36015,2017-01-21
92,Dasi,Nutkins,dnutkins2j@yandex.ru,Acura,NSX,Yellow,2005,33356,2017-05-29
93,Daniella,Luce,dluce2k@abc.net.au,Chrysler,Sebring,Aquamarine,1995,33365,2017-03-11
94,Roselin,Demcak,rdemcak2l@yelp.com,Pontiac,Grand Am,Purple,1990,50271,2017-11-02
95,Witty,Weson,wweson2m@ed.gov,Isuzu,i-370,Orange,2008,27323,2017-10-26
96,Gabie,Sargerson,gsargerson2n@blog.com,Chevrolet,Lumina,Teal,1999,50158,2017-11-12
97,Wynn,Younge,wyounge2o@nps.gov,GMC,Savana 3500,Khaki,2003,51549,2017-04-11
98,Worden,Marriage,wmarriage2p@google.com,Suzuki,Verona,Red,2005,56584,2017-07-31
99,Raimund,Bracegirdle,rbracegirdle2q@foxnews.com,Ford,E-Series,Fuscia,1985,26564,2017-10-31
100,Harp,Woollard,hwoollard2r@reuters.com,Buick,Century,Indigo,1987,20467,2017-11-10
